Date,btc,xrp,eth,ada
01/09/2019,9630.592773,0.259171,172.458405,0.044952
02/09/2019,9757.473633,0.258064,171.697601,0.044555
03/09/2019,10345.72559,0.260838,178.357758,0.045376
04/09/2019,10621.18066,0.263185,179.491989,0.046784
05/09/2019,10588.18359,0.259912,175.966278,0.045504
06/09/2019,10578.19824,0.256269,174.172226,0.044437
07/09/2019,10353.93164,0.252411,169.955276,0.044426
08/09/2019,10518.11426,0.260777,178.282593,0.046211
09/09/2019,10443.22852,0.263247,181.362488,0.046706
10/09/2019,10336.4082,0.25969,181.212845,0.046903
11/09/2019,10123.03516,0.258692,179.839493,0.046496
12/09/2019,10176.81934,0.255973,178.803772,0.044993
13/09/2019,10415.36231,0.254795,180.975586,0.045462
14/09/2019,10345.40332,0.255485,181.321579,0.045758
15/09/2019,10356.46582,0.26117,188.068436,0.046507
16/09/2019,10347.22266,0.261574,189.689331,0.046815
17/09/2019,10281.51367,0.260862,197.114761,0.04711
18/09/2019,10247.7959,0.284163,208.050598,0.048949
19/09/2019,10200.49609,0.31374,211.247238,0.053296
20/09/2019,10266.31836,0.302455,221.069626,0.052491
21/09/2019,10183.64844,0.294456,217.897385,0.052335
22/09/2019,10024.11523,0.28946,215.486557,0.051894
23/09/2019,10067.96289,0.278602,211.713211,0.049045
24/09/2019,9729.321289,0.268686,201.842087,0.046259
25/09/2019,8603.428711,0.235483,168.133575,0.03761
26/09/2019,8487.669922,0.246448,170.756912,0.039412
27/09/2019,8113.101074,0.243712,166.651703,0.03823
28/09/2019,8251.273438,0.244023,174.680832,0.03951
29/09/2019,8246.037109,0.242592,174.612747,0.038828
30/09/2019,8104.226563,0.241383,170.461349,0.037474
01/10/2019,8299.720703,0.256213,180.209122,0.038886
02/10/2019,8344.212891,0.249618,177.22406,0.038507
03/10/2019,8390.774414,0.253457,180.703705,0.0394
04/10/2019,8259.494141,0.247924,175.238434,0.038362
05/10/2019,8210.149414,0.253608,176.94632,0.039655
06/10/2019,8149.876953,0.253434,176.36438,0.039713
07/10/2019,7989.120605,0.25757,172.940338,0.039305
08/10/2019,8246.849609,0.275829,181.113358,0.041676
09/10/2019,8229.84082,0.278392,182.036301,0.041442
10/10/2019,8585.280273,0.281551,193.191071,0.042629
11/10/2019,8585.262695,0.272109,191.801071,0.041701
12/10/2019,8315.665039,0.271115,182.534027,0.04054
13/10/2019,8336.902344,0.273129,180.861313,0.04054
14/10/2019,8320.832031,0.277626,182.028473,0.041325
15/10/2019,8373.458008,0.296438,186.977051,0.041796
16/10/2019,8204.674805,0.288895,181.343735,0.03976
17/10/2019,8047.8125,0.284556,175.906891,0.038726
18/10/2019,8100.933594,0.30234,177.988556,0.039527
19/10/2019,7973.803711,0.294852,173.649445,0.038079
20/10/2019,7997.807129,0.293042,172.974762,0.039217
21/10/2019,8225.115234,0.294265,175.52475,0.039543
22/10/2019,8243.402344,0.293019,174.90506,0.039271
23/10/2019,8076.228516,0.291556,172.262802,0.03882
24/10/2019,7509.728027,0.274101,162.514114,0.036409
25/10/2019,7490.703125,0.278607,162.189713,0.037678
26/10/2019,8667.577148,0.298039,181.667068,0.04122
27/10/2019,9241.707031,0.293886,179.932632,0.040537
28/10/2019,9565.101563,0.298143,184.397507,0.042315
29/10/2019,9248.44043,0.295991,182.67038,0.042328
30/10/2019,9422.462891,0.301913,190.336395,0.043428
31/10/2019,9202.458008,0.296527,184.797623,0.041963
01/11/2019,9193.992188,0.296389,183.803696,0.041645
02/11/2019,9259.783203,0.292688,184.018158,0.042336
03/11/2019,9324.787109,0.296272,183.994827,0.042581
04/11/2019,9235.607422,0.291236,182.319031,0.041889
05/11/2019,9413.004883,0.299906,186.309311,0.043261
06/11/2019,9340.864258,0.301103,189.113495,0.044301
07/11/2019,9352.393555,0.310175,191.504303,0.044928
08/11/2019,9265.368164,0.292438,187.924271,0.043644
09/11/2019,8809.46875,0.276863,184.311722,0.042298
10/11/2019,8812.489258,0.280273,184.943359,0.042438
11/11/2019,9056.917969,0.280164,189.50293,0.043971
12/11/2019,8759.751953,0.275179,185.564835,0.043257
13/11/2019,8812.033203,0.272379,186.942444,0.043722
14/11/2019,8811.936523,0.272903,188.272507,0.043489
15/11/2019,8705.708008,0.270463,186.058167,0.04313
16/11/2019,8491.166016,0.261694,180.4991,0.043978
17/11/2019,8549.470703,0.264009,183.35083,0.044153
18/11/2019,8573.980469,0.265137,185.041458,0.045403
19/11/2019,8305.134766,0.255646,180.502457,0.043697
20/11/2019,8203.613281,0.256545,177.415283,0.042588
21/11/2019,8023.644531,0.251316,175.673599,0.041169
22/11/2019,7643.569336,0.243775,161.50589,0.038447
23/11/2019,7296.164551,0.231574,150.212219,0.037159
24/11/2019,7398.633789,0.236227,153.430527,0.038371
25/11/2019,7039.977051,0.222832,142.697006,0.035543
26/11/2019,7145.15918,0.218464,146.404312,0.036046
27/11/2019,7220.880859,0.221845,148.39682,0.036955
28/11/2019,7536.820313,0.225221,153.069244,0.039129
29/11/2019,7466.727051,0.224623,151.7686,0.039227
30/11/2019,7764.057129,0.230232,155.286407,0.041416
01/12/2019,7571.616211,0.226466,152.491928,0.040426
02/12/2019,7424.036133,0.225386,151.175476,0.039612
03/12/2019,7323.975586,0.219516,149.058243,0.038047
04/12/2019,7320.125,0.219824,147.918381,0.037906
05/12/2019,7253.241699,0.216249,146.686493,0.037402
06/12/2019,7450.561523,0.222959,149.396484,0.037879
07/12/2019,7547.265625,0.225492,149.197601,0.038312
08/12/2019,7551.338867,0.228453,148.743683,0.038753
09/12/2019,7561.79541,0.230433,151.224396,0.038932
10/12/2019,7397.134277,0.225439,148.179855,0.037474
11/12/2019,7277.197754,0.224241,146.320648,0.036602
12/12/2019,7216.73877,0.222013,143.615662,0.036652
13/12/2019,7244.662109,0.219827,145.655685,0.036719
14/12/2019,7268.902832,0.220748,144.953415,0.03716
15/12/2019,7124.239746,0.217573,142.86499,0.036449
16/12/2019,7153.663086,0.218647,143.139526,0.036662
17/12/2019,6931.31543,0.207189,133.647186,0.034269
18/12/2019,6647.698242,0.184613,122.656837,0.031794
19/12/2019,7277.59082,0.196289,133.05278,0.034456
20/12/2019,7208.636719,0.1909,129.384369,0.033264
21/12/2019,7220.59375,0.19534,129.095963,0.034
22/12/2019,7191.188477,0.193999,128.098129,0.033265
23/12/2019,7508.902344,0.196958,132.306992,0.034441
24/12/2019,7354.393066,0.190992,128.629257,0.033195
25/12/2019,7325.755859,0.192288,129.068497,0.034185
26/12/2019,7274.799316,0.190555,126.486328,0.033745
27/12/2019,7238.141113,0.190403,126.368797,0.034279
28/12/2019,7289.03125,0.191063,127.213013,0.033095
29/12/2019,7317.647461,0.193116,128.266876,0.033637
30/12/2019,7420.272949,0.197063,134.796524,0.034278
31/12/2019,7294.438965,0.194518,132.612274,0.033607
01/01/2020,7194.89209,0.192912,129.630661,0.032832
02/01/2020,7202.55127,0.192708,130.820038,0.033474
03/01/2020,6984.428711,0.187948,127.411263,0.032748
04/01/2020,7345.375488,0.193521,134.168518,0.034191
05/01/2020,7410.45166,0.194367,135.072098,0.034574
06/01/2020,7410.452148,0.195536,136.305542,0.034751
07/01/2020,7768.682129,0.221576,144.311996,0.037291
08/01/2020,8161.935547,0.213834,143.487823,0.037055
09/01/2020,8082.295898,0.20911,141.155777,0.036445
10/01/2020,7878.307617,0.204908,138.967041,0.036335
11/01/2020,8162.190918,0.212097,143.409103,0.036854
12/01/2020,8033.261719,0.212151,143.032547,0.036821
13/01/2020,8189.771973,0.215624,146.220139,0.037696
14/01/2020,8140.933105,0.212528,144.251053,0.037041
15/01/2020,8825.34375,0.234504,165.734619,0.04158
16/01/2020,8812.481445,0.232881,166.332825,0.042572
17/01/2020,8725.209961,0.228725,164.48938,0.041435
18/01/2020,8927.211914,0.23888,170.747726,0.044985
19/01/2020,8941.445313,0.243367,175.46759,0.044851
20/01/2020,8704.631836,0.235384,166.904129,0.04192
21/01/2020,8658.991211,0.23334,167.060471,0.043811
22/01/2020,8744.210938,0.237263,169.608536,0.045939
23/01/2020,8680.650391,0.236173,168.2957,0.045659
24/01/2020,8405.567383,0.226201,162.899368,0.04338
25/01/2020,8440.119141,0.223049,163.067291,0.044968
26/01/2020,8364.410156,0.220345,161.176819,0.043247
27/01/2020,8597.308594,0.230532,168.00885,0.044627
28/01/2020,8912.524414,0.231206,170.884857,0.047839
29/01/2020,9357.470703,0.238691,176.347885,0.052897
30/01/2020,9316.016602,0.235607,174.917709,0.053469
31/01/2020,9508.313477,0.243618,184.736908,0.056034
01/02/2020,9346.357422,0.239191,180.11377,0.053836
02/02/2020,9389.820313,0.241321,183.532501,0.05611
03/02/2020,9344.683594,0.25057,188.607407,0.055724
04/02/2020,9292.841797,0.254557,189.861725,0.056966
05/02/2020,9183.416016,0.266692,189.299103,0.055985
06/02/2020,9617.821289,0.277542,204.1297,0.059243
07/02/2020,9726.00293,0.282205,212.315887,0.059756
08/02/2020,9793.070313,0.278878,222.510971,0.059752
09/02/2020,9863.894531,0.277097,222.982239,0.059938
10/02/2020,10115.55957,0.282486,228.549133,0.061824
11/02/2020,9855.891602,0.273902,223.384933,0.060345
12/02/2020,10202.3877,0.280272,235.898224,0.063193
13/02/2020,10323.96094,0.304195,265.052704,0.068333
14/02/2020,10211.55078,0.326363,268.023285,0.068587
15/02/2020,10313.85645,0.335119,284.56131,0.07058
16/02/2020,9889.179688,0.307265,264.904053,0.063989
17/02/2020,9936.560547,0.294629,259.890564,0.06256
18/02/2020,9691.230469,0.28701,266.50882,0.06006
19/02/2020,10143.79883,0.297884,282.036285,0.062604
20/02/2020,9629.325195,0.277138,259.819855,0.05743
21/02/2020,9611.782227,0.272299,257.891113,0.058186
22/02/2020,9687.707031,0.275345,265.551575,0.058577
23/02/2020,9663.318359,0.275939,262.278412,0.058323
24/02/2020,9921.583008,0.28259,273.705078,0.061544
25/02/2020,9651.3125,0.270541,265.283386,0.058953
26/02/2020,9338.290039,0.253371,247.740204,0.056296
27/02/2020,8825.09375,0.231092,225.687042,0.049436
28/02/2020,8788.728516,0.237111,226.98761,0.049662
29/02/2020,8671.212891,0.236521,226.83345,0.048608
01/03/2020,8599.758789,0.231105,219.752686,0.047506
02/03/2020,8563.264648,0.228935,218.711624,0.045884
03/03/2020,8865.387695,0.238669,230.523972,0.048913
04/03/2020,8788.541992,0.234545,224.565338,0.048761
05/03/2020,8760.285156,0.234555,224.641891,0.049015
06/03/2020,9078.308594,0.23949,229.168427,0.051041
07/03/2020,9121.600586,0.24397,243.750198,0.051528
08/03/2020,8908.206055,0.23711,237.780685,0.048927
09/03/2020,8111.146484,0.206683,201.318497,0.043231
10/03/2020,7922.146973,0.209721,202.863953,0.041554
11/03/2020,7910.089844,0.212293,200.768036,0.041494
12/03/2020,7913.616211,0.208205,194.738922,0.039627
13/03/2020,5017.831055,0.140524,112.689995,0.023954
14/03/2020,5573.077637,0.15924,133.582474,0.028462
15/03/2020,5201.066895,0.147293,123.246063,0.025959
16/03/2020,5385.229492,0.153885,124.996117,0.027111
17/03/2020,5002.578125,0.140982,110.406784,0.02411
18/03/2020,5227.11377,0.144673,113.857643,0.025209
19/03/2020,5245.416504,0.143159,114.839828,0.025315
20/03/2020,6191.653809,0.165092,136.649277,0.030415
21/03/2020,6206.521484,0.156715,133.101761,0.029366
22/03/2020,6185.558105,0.158121,132.851135,0.029446
23/03/2020,5831.374512,0.149929,123.365982,0.027089
24/03/2020,6436.642578,0.157574,135.194138,0.029092
25/03/2020,6738.716797,0.16229,138.914963,0.030187
26/03/2020,6675.170898,0.16168,136.190674,0.029438
27/03/2020,6719.38916,0.175003,138.369934,0.030729
28/03/2020,6467.253906,0.175932,134.032745,0.029254
29/03/2020,6245.624512,0.17568,131.015335,0.029738
30/03/2020,5925.538574,0.163762,125.577896,0.028218
31/03/2020,6430.606445,0.172134,132.820923,0.029825
01/04/2020,6437.319336,0.174315,133.61232,0.030553
02/04/2020,6606.776367,0.17518,135.732178,0.030841
03/04/2020,6797.396484,0.178769,142.110458,0.031961
04/04/2020,6738.382813,0.179612,142.215179,0.032295
05/04/2020,6862.537598,0.181764,145.261017,0.032517
06/04/2020,6788.049805,0.179628,143.608215,0.031999
07/04/2020,7273.644043,0.195686,169.147446,0.035655
08/04/2020,7179.283203,0.192137,165.240326,0.035131
09/04/2020,7337.966309,0.200973,172.761261,0.036279
10/04/2020,7303.81543,0.198156,170.829269,0.036162
11/04/2020,6867.44043,0.187451,158.538986,0.033215
12/04/2020,6858.067871,0.188229,158.232391,0.033329
13/04/2020,6965.616699,0.190533,160.720673,0.033782
14/04/2020,6843.281738,0.187808,156.355957,0.033123
15/04/2020,6845.561523,0.18536,157.565643,0.032959
16/04/2020,6640.454102,0.181254,153.200424,0.0319
17/04/2020,10186.59985,0.2762095,239.0094605,0.0492115
18/04/2020,7092.291504,0.189911,171.618073,0.034623
19/04/2020,7260.922363,0.195004,186.861984,0.036573
20/04/2020,7186.873535,0.190821,181.480225,0.035806
21/04/2020,6879.78418,0.183337,172.017715,0.03416
22/04/2020,6879.44043,0.184175,172.670395,0.034688
23/04/2020,7121.306152,0.187889,182.620178,0.03657
24/04/2020,7434.181641,0.191876,185.222107,0.040617
25/04/2020,7550.48291,0.193685,189.207397,0.04187
26/04/2020,7570.13916,0.195033,195.413589,0.042405
27/04/2020,7679.418945,0.1967,197.475723,0.045938
28/04/2020,7796.970215,0.198046,197.273514,0.04663
29/04/2020,7806.712402,0.215562,198.465195,0.04723
30/04/2020,8797.669922,0.227169,216.909134,0.051717
01/05/2020,8672.782227,0.212858,207.901733,0.047826
02/05/2020,8869.057617,0.219275,214.230087,0.051196
03/05/2020,8983.614258,0.224064,215.352066,0.051032
04/05/2020,8895.745117,0.219451,210.890854,0.048964
05/05/2020,8912.832031,0.21891,208.013,0.049668
06/05/2020,9007.441406,0.216284,206.481354,0.049302
07/05/2020,9261.895508,0.215492,203.912857,0.04974
08/05/2020,9936.162109,0.218837,212.198242,0.051083
09/05/2020,9840.90625,0.219663,213.142166,0.052259
10/05/2020,9591.168945,0.217133,211.5522,0.051744
11/05/2020,8755.535156,0.198162,188.632187,0.047696
12/05/2020,8610.385742,0.194241,185.877335,0.048094
13/05/2020,8805.387695,0.197561,189.3741,0.050367
14/05/2020,9271.329102,0.201341,198.89151,0.051365
15/05/2020,9734.291016,0.20294,202.955399,0.050866
16/05/2020,9333.240234,0.199081,195.613388,0.050423
17/05/2020,9374.929688,0.200536,200.608871,0.050913
18/05/2020,9675.695313,0.201353,207.179779,0.051294
19/05/2020,9727.063477,0.205251,214.604935,0.054224
20/05/2020,9725.329102,0.203935,213.446243,0.056459
21/05/2020,9522.740234,0.201832,210.12915,0.056869
22/05/2020,9080.334961,0.195535,199.837112,0.052283
23/05/2020,9185.0625,0.200418,207.194489,0.05584
24/05/2020,9212.283203,0.198911,208.716064,0.055265
25/05/2020,8786.107422,0.195285,201.982651,0.052188
26/05/2020,8909.585938,0.197273,205.259567,0.053881
27/05/2020,8837.380859,0.19392,201.893005,0.05348
28/05/2020,9184.945313,0.197924,208.885437,0.05512
29/05/2020,9528.355469,0.200669,219.925049,0.064645
30/05/2020,9438.914063,0.198349,220.717209,0.064777
31/05/2020,9700.105469,0.206236,242.351379,0.076905
01/06/2020,9463.605469,0.202834,230.86026,0.074244
02/06/2020,10162.97363,0.210182,246.828186,0.080983
03/06/2020,9533.760742,0.202901,237.395218,0.078518
04/06/2020,9655.854492,0.203719,244.105286,0.085364
05/06/2020,9800.21582,0.205044,244.349594,0.08905
06/06/2020,9664.904297,0.204208,241.201355,0.085449
07/06/2020,9653.00293,0.20318,241.908081,0.086035
08/06/2020,9760.063477,0.203426,245.178574,0.086703
09/06/2020,9774.360352,0.203809,246.175018,0.086444
10/06/2020,9794.119141,0.201976,244.822067,0.083394
11/06/2020,9870.078125,0.202916,247.548538,0.08354
12/06/2020,9320.69043,0.190165,231.625458,0.075368
13/06/2020,9480.735352,0.193989,237.544617,0.079613
14/06/2020,9477.553711,0.193179,238.968185,0.079103
15/06/2020,9386.035156,0.191617,234.058304,0.076748
16/06/2020,9454.266602,0.193064,229.762299,0.078381
17/06/2020,9533.78418,0.191496,234.492371,0.079085
18/06/2020,9481.567383,0.193455,232.898697,0.083445
19/06/2020,9410.293945,0.190924,231.954971,0.082139
20/06/2020,9290.959961,0.18679,226.976364,0.079603
21/06/2020,9330.926758,0.188468,229.216141,0.079318
22/06/2020,9300.915039,0.185665,229.003372,0.078472
23/06/2020,9644.076172,0.189295,242.537018,0.083412
24/06/2020,9632.149414,0.1887,244.185928,0.082992
25/06/2020,9314.126953,0.184076,235.70285,0.082616
26/06/2020,9260.995117,0.183472,232.877487,0.081732
27/06/2020,9167.824219,0.183096,229.631485,0.080558
28/06/2020,9048.460938,0.176872,222.91449,0.077679
29/06/2020,9140.029297,0.177648,225.361435,0.080392
30/06/2020,9185.581055,0.177701,227.96843,0.083848
01/07/2020,9145.985352,0.17575,226.134583,0.083112
02/07/2020,9231.139648,0.177155,231.28891,0.096897
03/07/2020,9124.842773,0.177265,229.318954,0.094318
04/07/2020,9084.233398,0.176262,225.288483,0.096652
05/07/2020,9126.09082,0.177914,228.976196,0.099965
06/07/2020,9072.849609,0.177017,227.685013,0.098211
07/07/2020,9349.161133,0.188567,240.972595,0.104957
08/07/2020,9253.020508,0.184814,239.159973,0.11749
09/07/2020,9427.994141,0.204598,246.748291,0.129908
10/07/2020,9273.357422,0.202842,242.868011,0.12423
11/07/2020,9277.511719,0.198724,241.044785,0.118349
12/07/2020,9241.054688,0.201217,239.459641,0.125341
13/07/2020,9277.205078,0.200538,242.18187,0.126783
14/07/2020,9238.703125,0.198495,239.975616,0.124269
15/07/2020,9241.897461,0.198774,240.143646,0.131996
16/07/2020,9191.980469,0.197021,238.450912,0.130397
17/07/2020,9131.8125,0.194051,233.691391,0.125964
18/07/2020,9151.183594,0.194349,232.855682,0.122307
19/07/2020,9158.005859,0.199404,235.458298,0.122484
20/07/2020,9187.220703,0.199142,238.494873,0.123723
21/07/2020,9162.514648,0.194871,236.302505,0.117904
22/07/2020,9375.080078,0.199029,245.037262,0.122981
23/07/2020,9527.141602,0.203331,262.388641,0.123967
24/07/2020,9585.514648,0.207814,274.722687,0.123918
25/07/2020,9539.485352,0.203959,279.026367,0.121925
26/07/2020,9680.234375,0.213994,303.692383,0.142971
27/07/2020,9905.217773,0.214948,309.657928,0.147891
28/07/2020,11017.46387,0.223889,321.829742,0.138762
29/07/2020,10912.95313,0.230148,316.555359,0.148647
30/07/2020,11099.83301,0.243254,318.144989,0.139968
31/07/2020,11110.21094,0.244649,334.633728,0.140673
01/08/2020,11322.57031,0.258904,345.798615,0.138798
02/08/2020,11758.76465,0.289742,385.549866,0.143756
03/08/2020,11043.76856,0.28749,371.13385,0.133498
04/08/2020,11246.20313,0.309935,386.156464,0.137332
05/08/2020,11203.82324,0.300783,389.710815,0.143129
06/08/2020,11749.87109,0.303142,401.583862,0.142704
07/08/2020,11778.89453,0.303464,395.226868,0.14408
08/08/2020,11604.55371,0.294905,379.551575,0.139089
09/08/2020,11737.3252,0.294618,395.305237,0.146315
10/08/2020,11662.25684,0.288569,391.041504,0.145381
11/08/2020,11881.64746,0.294683,395.894714,0.143709
12/08/2020,11404.59668,0.284376,380.063812,0.137424
13/08/2020,11588.40527,0.28493,390.838104,0.137499
14/08/2020,11772.65918,0.297533,428.677277,0.141318
15/08/2020,11768.69727,0.300246,437.562988,0.138284
16/08/2020,11866.68555,0.299767,433.350586,0.138345
17/08/2020,11895.6582,0.303641,433.973755,0.138471
18/08/2020,12251.89551,0.314218,429.669617,0.140818
19/08/2020,11990.88477,0.303513,423.738586,0.137427
20/08/2020,11761.5,0.290301,406.758911,0.129309
21/08/2020,11878.02637,0.292468,416.148773,0.133536
22/08/2020,11585.47754,0.280635,389.031097,0.123747
23/08/2020,11679.69629,0.286358,395.562836,0.125151
24/08/2020,11663.68945,0.285278,391.678986,0.121581
25/08/2020,11773.58887,0.289044,408.071686,0.124525
26/08/2020,11366.89453,0.277693,383.977448,0.113347
27/08/2020,11485.6084,0.27736,386.609863,0.115258
28/08/2020,11325.2959,0.264658,382.629578,0.106875
29/08/2020,11541.05469,0.272009,395.687592,0.109474
30/08/2020,11508.71387,0.274568,399.616699,0.116668
31/08/2020,11713.30664,0.283065,428.509003,0.117493
01/09/2020,11679.31641,0.281612,434.874451,0.12261
02/09/2020,11964.82324,0.295612,477.007874,0.125477
03/09/2020,11407.19141,0.276636,440.23999,0.115538
04/09/2020,10230.36523,0.246726,384.671631,0.095987
05/09/2020,10512.53027,0.255808,388.038391,0.10239
06/09/2020,10167.2168,0.237692,335.334564,0.089923
07/09/2020,10280.99805,0.240812,353.450256,0.093072
08/09/2020,10369.30664,0.242029,353.202271,0.093237
09/09/2020,10134.15137,0.236723,337.824921,0.091149
10/09/2020,10242.33008,0.239689,351.429321,0.093433
11/09/2020,10369.02832,0.24353,368.1185,0.097156
12/09/2020,10409.86133,0.243055,374.595398,0.097112
13/09/2020,10452.39941,0.247814,387.519287,0.097598
14/09/2020,10328.73438,0.241804,365.699585,0.094906
15/09/2020,10677.75488,0.246265,377.154022,0.096809
16/09/2020,10797.76172,0.24401,364.743988,0.093398
17/09/2020,10973.25195,0.247743,365.865784,0.091655
18/09/2020,10951.82031,0.252284,389.337494,0.094217
19/09/2020,10933.75293,0.25053,384.041656,0.090884
20/09/2020,11095.87012,0.251663,385.597992,0.091662
21/09/2020,10934.92578,0.246818,371.400146,0.089459
22/09/2020,10459.62402,0.231848,341.723816,0.080448
23/09/2020,10539.45703,0.233571,344.622498,0.081754
24/09/2020,10227.47949,0.22166,320.618317,0.076806
25/09/2020,10747.47266,0.233079,349.363129,0.0829
26/09/2020,10702.23731,0.241888,352.53125,0.096892
27/09/2020,10752.93945,0.242391,354.587219,0.095578
28/09/2020,10771.6416,0.243252,357.311157,0.101206
29/09/2020,10712.46289,0.241815,354.974823,0.100703
30/09/2020,10845.41113,0.243157,359.942352,0.101116
01/10/2020,10785.01074,0.242368,360.004639,0.101202
02/10/2020,10624.39063,0.238302,353.220184,0.097894
03/10/2020,10583.80664,0.234333,346.502655,0.092913
04/10/2020,10567.91992,0.233518,347.27243,0.093684
05/10/2020,10688.03418,0.248458,353.045807,0.096301
06/10/2020,10799.77832,0.250813,354.137787,0.097634
07/10/2020,10619.80371,0.24586,341.091675,0.092909
08/10/2020,10677.625,0.249154,342.094971,0.093944
09/10/2020,10868.38379,0.2511905,353.7487185,0.097705
10/10/2020,11059.14258,0.253227,365.402466,0.101466
11/10/2020,11296.08203,0.254201,370.928436,0.104902
12/10/2020,11362.56494,0.255464,376.449951,0.1071
13/10/2020,11395.8064,0.2560955,379.2107085,0.108199
14/10/2020,11429.04785,0.256727,381.971466,0.109298
15/10/2020,11426.60254,0.249406,379.19223,0.107217
16/10/2020,11502.82813,0.246058,377.8685,0.106748
17/10/2020,11322.12305,0.240541,366.015717,0.104218
18/10/2020,11355.98242,0.24085,368.727539,0.106044
19/10/2020,11495.03809,0.242308,378.469635,0.107416
20/10/2020,11745.97461,0.245927,379.719696,0.108614
21/10/2020,11913.07715,0.243485,369.059418,0.102519
22/10/2020,12801.63574,0.251335,391.488617,0.106056
23/10/2020,12971.54883,0.257326,414.051331,0.110698
24/10/2020,12931.57422,0.254879,409.767242,0.108083
25/10/2020,13108.06348,0.256431,412.457642,0.108075
26/10/2020,13031.20117,0.253213,406.217987,0.106351
27/10/2020,13075.24219,0.248688,393.888184,0.103097
28/10/2020,13654.21484,0.2529,403.997101,0.102827
29/10/2020,13271.29883,0.245865,388.651062,0.098977
30/10/2020,13437.87402,0.242292,386.730255,0.095376
31/10/2020,13546.53223,0.239188,382.820038,0.093369
01/11/2020,13780.99512,0.239739,386.590332,0.093056
02/11/2020,13737.03223,0.239804,396.355988,0.098197
03/11/2020,13550.45117,0.23542,383.156036,0.092143
04/11/2020,13950.48828,0.23951,387.60321,0.093435
05/11/2020,14133.7334,0.237799,402.142944,0.095369
06/11/2020,15579.72949,0.24577,414.066711,0.096994
07/11/2020,15565.88086,0.258445,454.722565,0.109105
08/11/2020,14833.75391,0.249582,435.718811,0.101379
09/11/2020,15479.5957,0.253939,453.574158,0.106621
10/11/2020,15332.35059,0.250753,444.166382,0.105326
11/11/2020,15290.90918,0.253911,449.679657,0.105805
12/11/2020,15701.29883,0.256258,462.959534,0.105965
13/11/2020,16276.44043,0.254903,461.005493,0.104525
14/11/2020,16317.80859,0.265191,474.626434,0.106391
15/11/2020,16068.13965,0.268342,460.149902,0.104202
16/11/2020,15955.57715,0.269641,447.55899,0.100531
17/11/2020,16685.69141,0.291796,464.406647,0.10548
18/11/2020,17645.19141,0.302397,480.346832,0.1096
19/11/2020,17803.86133,0.294222,479.481018,0.106402
20/11/2020,17817.08398,0.303766,471.63147,0.105866
21/11/2020,18621.31641,0.328068,509.744598,0.118226
22/11/2020,18642.23242,0.458344,549.486633,0.132945
23/11/2020,18370.01758,0.443701,558.059509,0.14476
24/11/2020,18365.01563,0.614193,608.522766,0.153571
25/11/2020,19104.41016,0.692154,603.902039,0.166346
26/11/2020,18729.83984,0.634892,570.514893,0.155107
27/11/2020,17153.91406,0.533383,519.108093,0.138292
28/11/2020,17112.93359,0.559675,517.597351,0.141074
29/11/2020,17719.63477,0.625742,538.264587,0.164923
30/11/2020,18178.32227,0.606289,575.75708,0.16663
01/12/2020,19633.76953,0.664515,615.070313,0.171367
02/12/2020,18801.74414,0.612992,587.261597,0.155956
03/12/2020,19205.92578,0.629995,598.459229,0.158592
04/12/2020,19446.9668,0.631469,616.722778,0.164209
05/12/2020,18698.38477,0.557088,569.347656,0.148164
06/12/2020,19154.17969,0.584414,596.568665,0.159659
07/12/2020,19343.12891,0.619714,601.797119,0.158876
08/12/2020,19191.5293,0.608858,591.900818,0.154127
09/12/2020,18320.88477,0.558667,554.792908,0.140942
10/12/2020,18553.29883,0.583657,573.504028,0.14817
11/12/2020,18263.92969,0.573062,559.679199,0.142022
12/12/2020,18051.32031,0.546316,545.578552,0.139423
13/12/2020,18806.76563,0.506678,568.609863,0.144503
14/12/2020,19144.49219,0.511608,589.782471,0.154016
15/12/2020,19246.91992,0.497688,586.02179,0.158065
16/12/2020,19418.81836,0.469677,589.378662,0.154312
17/12/2020,21308.35156,0.568488,636.154175,0.167571
18/12/2020,22806.79688,0.576739,642.916992,0.163449
19/12/2020,23132.86523,0.5842,654.624207,0.16498
20/12/2020,23861.76563,0.57899,659.185059,0.164728
21/12/2020,23474.45508,0.555961,638.315186,0.162004
22/12/2020,22794.03906,0.516792,609.420532,0.152634
23/12/2020,23781.97461,0.447966,634.824585,0.156226
24/12/2020,23240.20313,0.259113,584.13562,0.136457
25/12/2020,23733.57031,0.337331,611.554565,0.152886
26/12/2020,24677.01563,0.318074,626.498047,0.157556
27/12/2020,26439.37305,0.294758,635.887146,0.157835
28/12/2020,26280.82227,0.283366,683.205811,0.15444
29/12/2020,27081.81055,0.247673,730.358704,0.176709
30/12/2020,27360.08984,0.220902,731.472839,0.192022
31/12/2020,28841.57422,0.211787,751.626648,0.184034
01/01/2021,28994.00977,0.219845,737.708374,0.181382
02/01/2021,29376.45508,0.23767,730.402649,0.175359
03/01/2021,32129.4082,0.221744,774.511841,0.177382
04/01/2021,32810.94922,0.226038,977.058838,0.205236
05/01/2021,31977.04102,0.236636,1041.498779,0.224817
06/01/2021,34013.61328,0.226866,1101.005005,0.258549
07/01/2021,36833.875,0.250926,1208.078369,0.332272
08/01/2021,39381.76563,0.326089,1225.967896,0.300387
09/01/2021,40788.64063,0.323156,1223.740479,0.305611
10/01/2021,40254.21875,0.326833,1280.871094,0.332961
11/01/2021,38346.53125,0.317941,1261.622925,0.304996
12/01/2021,35516.35938,0.288677,1088.526733,0.275249
13/01/2021,33915.12109,0.292028,1043.740967,0.286688
14/01/2021,37325.10938,0.305536,1130.231201,0.313546
15/01/2021,39156.70703,0.295569,1221.877197,0.310554
16/01/2021,36821.64844,0.280292,1171.443115,0.302512
17/01/2021,36163.64844,0.280067,1233.453369,0.352337
18/01/2021,35792.23828,0.277372,1230.313232,0.379735
19/01/2021,36642.23438,0.284826,1257.43457,0.371457
20/01/2021,36050.11328,0.294219,1375.248413,0.368936
21/01/2021,35549.39844,0.296466,1382.684448,0.375449
22/01/2021,30817.625,0.268776,1118.889038,0.310054
23/01/2021,32985.75781,0.272611,1235.267944,0.349332
24/01/2021,32064.37695,0.27184,1231.210571,0.345586
25/01/2021,32285.79883,0.273473,1390.639893,0.35385
26/01/2021,32358.61328,0.269049,1323.741699,0.343841
27/01/2021,32564.0293,0.268856,1358.333374,0.344218
28/01/2021,30441.04102,0.251915,1251.279785,0.313021
29/01/2021,34318.67188,0.27053,1369.086792,0.352348
30/01/2021,34295.93359,0.282152,1382.231934,0.348078
31/01/2021,34270.87891,0.437832,1376.823608,0.362608
01/02/2021,33114.57813,0.492512,1314.855225,0.344817
02/02/2021,33533.19922,0.37052,1369.505127,0.402952
03/02/2021,35510.82031,0.369364,1514.769653,0.425959
04/02/2021,37475.10547,0.393411,1661.170166,0.441357
05/02/2021,36931.54688,0.445325,1594.793335,0.441142
06/02/2021,38138.38672,0.450157,1717.797485,0.537758
07/02/2021,39250.19141,0.439128,1677.605713,0.628832
08/02/2021,38886.82813,0.417766,1613.642212,0.66238
09/02/2021,46184.99219,0.447659,1746.926147,0.682145
10/02/2021,46469.76172,0.471919,1768.039795,0.703548
11/02/2021,44898.71094,0.503053,1743.714233,0.930823
12/02/2021,47877.03516,0.524627,1783.489136,0.927095
13/02/2021,47491.20313,0.608105,1843.986816,0.925421
14/02/2021,47114.50781,0.62845,1814.372314,0.90633
15/02/2021,48696.53516,0.593453,1804.676758,0.847825
16/02/2021,47944.45703,0.548595,1778.945557,0.860703
17/02/2021,49207.27734,0.520798,1781.350098,0.87091
18/02/2021,52140.97266,0.535098,1848.206299,0.890869
19/02/2021,51675.98047,0.53257,1938.859863,0.914256
20/02/2021,55887.33594,0.566883,1959.902954,0.927462
21/02/2021,56068.56641,0.516879,1918.673096,1.121584
22/02/2021,57532.73828,0.548324,1935.557861,1.100406
23/02/2021,54204.92969,0.570989,1781.409058,1.098769
24/02/2021,48835.08594,0.474201,1571.47644,0.954958
25/02/2021,49709.08203,0.471776,1625.393921,1.051349
26/02/2021,47180.46484,0.434941,1478.65332,1.080828
27/02/2021,46344.77344,0.427904,1446.929443,1.242145
28/02/2021,46194.01563,0.437764,1459.860474,1.323619
01/03/2021,45159.50391,0.415109,1417.151123,1.309792
02/03/2021,49612.10547,0.446496,1564.063477,1.293609
03/03/2021,48415.81641,0.436903,1491.451172,1.225719
04/03/2021,50522.30469,0.45006,1574.623779,1.216445
05/03/2021,48527.03125,0.485831,1541.541748,1.114639
06/03/2021,48899.23047,0.457864,1532.372803,1.167456
07/03/2021,48918.67969,0.465094,1655.392456,1.130849
08/03/2021,51174.11719,0.466888,1724.229248,1.132939
09/03/2021,52272.96875,0.473745,1835.148071,1.118145
10/03/2021,54824.01172,0.485903,1868.489014,1.195103
11/03/2021,55963.17969,0.463049,1798.033936,1.134413
12/03/2021,57821.21875,0.452991,1826.546753,1.124823
13/03/2021,57343.37109,0.441109,1772.166382,1.038894
14/03/2021,61221.13281,0.459631,1923.86377,1.102982
15/03/2021,59267.42969,0.442087,1854.08667,1.058601
16/03/2021,55840.78516,0.437454,1792.413818,1.033242
17/03/2021,56825.82813,0.462822,1807.056152,1.243555
18/03/2021,58893.07813,0.472383,1823.158447,1.378416
19/03/2021,57850.44141,0.472797,1782.568726,1.238559
20/03/2021,58332.26172,0.471105,1817.522705,1.301472
21/03/2021,58309.91406,0.527416,1812.606567,1.206431
22/03/2021,57517.89063,0.51981,1788.362183,1.189203
23/03/2021,54511.66016,0.550135,1690.871826,1.109343
24/03/2021,54710.48828,0.556265,1678.002563,1.121345
25/03/2021,52726.74609,0.488234,1593.123291,1.074466
26/03/2021,51683.01172,0.517389,1595.210083,1.101425
27/03/2021,55137.56641,0.567193,1703.036133,1.214082
28/03/2021,55974.94141,0.550377,1716.40564,1.17682
29/03/2021,55947.89844,0.550645,1691.263184,1.190976
30/03/2021,57750.13281,0.567737,1819.466309,1.202562
31/03/2021,58930.27734,0.566833,1846.098267,1.213675
01/04/2021,58926.5625,0.573959,1919.157227,1.193553
02/04/2021,59098.87891,0.57936,1976.932739,1.189208
03/04/2021,59397.41016,0.616779,2142.895996,1.196326
04/04/2021,57604.83984,0.590909,2027.671265,1.172973
05/04/2021,58760.875,0.646703,2093.260742,1.191552
06/04/2021,59171.93359,0.916918,2109.493164,1.214279
07/04/2021,58186.50781,1.097547,2117.728516,1.255457
08/04/2021,56099.91406,0.919055,1969.133179,1.176132
09/04/2021,58326.5625,1.053417,2088.772217,1.219454
10/04/2021,58253.77734,1.020282,2071.111572,1.203533
11/04/2021,59846.23047,1.372068,2136.156982,1.218359
12/04/2021,60175.94531,1.354004,2157.361816,1.266206
13/04/2021,59890.01953,1.47008,2139.364258,1.314895
14/04/2021,63523.75391,1.794248,2299.3479,1.410999
15/04/2021,63075.19531,1.837281,2436.034668,1.453804
16/04/2021,63258.50391,1.759303,2516.601807,1.479627
17/04/2021,61529.92188,1.553027,2429.980957,1.413843
18/04/2021,60701.88672,1.559104,2346.452393,1.386181
19/04/2021,56191.58594,1.409457,2238.032715,1.278005
20/04/2021,55681.79297,1.309951,2161.939453,1.194609
21/04/2021,56471.12891,1.386157,2331.160156,1.267735
22/04/2021,53857.10547,1.291807,2357.871094,1.203901
23/04/2021,51739.80859,1.157139,2401.256348,1.145824
24/04/2021,51143.22656,1.17019,2367.199219,1.158783
25/04/2021,50052.83203,1.04949,2214.413818,1.102703
26/04/2021,49077.79297,1.035183,2319.478027,1.090186
27/04/2021,54030.30469,1.366743,2534.03125,1.237595
28/04/2021,55036.63672,1.401563,2664.685547,1.305966
29/04/2021,54858.08984,1.357965,2748.649658,1.337107
30/04/2021,53568.66406,1.3985,2757.734131,1.306196
01/05/2021,57714.66406,1.598409,2772.838379,1.352431
02/05/2021,57825.86328,1.65196,2945.560059,1.351402
03/05/2021,56620.27344,1.562493,2951.175781,1.326938
04/05/2021,57214.17969,1.555954,3431.131592,1.362939
05/05/2021,53252.16406,1.38807,3240.554688,1.270986
06/05/2021,57441.30859,1.615507,3524.930908,1.47811
07/05/2021,56413.95313,1.60398,3490.105225,1.648683
08/05/2021,57352.76563,1.58094,3481.988037,1.654544
09/05/2021,58877.39063,1.563479,3911.463135,1.620347
10/05/2021,58250.87109,1.534407,3924.41333,1.766068
11/05/2021,55847.24219,1.391835,3948.271973,1.641717
12/05/2021,56714.53125,1.479136,4174.635742,1.763505
13/05/2021,49735.43359,1.271273,3828.918457,1.56845
14/05/2021,49682.98047,1.363347,3720.122314,1.927283
15/05/2021,49855.49609,1.401706,4075.95166,2.006624
16/05/2021,46716.63672,1.487457,3641.830811,2.171434
17/05/2021,46415.89844,1.449204,3581.343018,2.30019
18/05/2021,43488.05859,1.494104,3276.872314,2.028103
19/05/2021,42944.97656,1.59327,3382.657227,2.006584
20/05/2021,36753.66797,1.061533,2439.638672,1.471961
21/05/2021,40596.94922,1.181183,2772.341309,1.802594
22/05/2021,37371.03125,1.009577,2436.014648,1.553113
23/05/2021,37531.44922,0.906511,2298.367188,1.46568
24/05/2021,34700.36328,0.793162,2099.936035,1.316236
25/05/2021,38795.78125,0.99403,2649.033203,1.550373
26/05/2021,38392.625,0.975831,2707.052734,1.554463
27/05/2021,39316.89063,1.033574,2888.752441,1.781137
28/05/2021,38507.08203,0.973952,2742.468994,1.650636
29/05/2021,35684.15625,0.899495,2414.067139,1.513623
30/05/2021,34607.40625,0.831994,2278.288818,1.404303
31/05/2021,35658.59375,0.906384,2387.198486,1.575644
01/06/2021,37293.79297,1.042102,2707.560547,1.738447
02/06/2021,36699.92188,1.011214,2634.456055,1.736103
03/06/2021,37599.41016,1.025146,2708.376221,1.754643
04/06/2021,39242.48438,1.045106,2857.165527,1.846715
05/06/2021,36880.15625,0.969979,2691.619385,1.709916
06/06/2021,35538.60938,0.923481,2629.748779,1.656461
07/06/2021,35835.26563,0.946718,2713.047363,1.677226
08/06/2021,33589.51953,0.862781,2594.602295,1.567051
09/06/2021,33416.97656,0.874058,2510.199219,1.583486
10/06/2021,37389.51563,0.921324,2611.142578,1.627778
11/06/2021,36697.03125,0.869247,2472.858887,1.533137
12/06/2021,37340.14453,0.847879,2354.752197,1.437721
13/06/2021,35555.78906,0.833252,2372.690186,1.480494
14/06/2021,39016.96875,0.883048,2508.770508,1.557019
15/06/2021,40427.16797,0.887069,2587.762695,1.57387
16/06/2021,40168.69141,0.866854,2544.864746,1.55658
17/06/2021,38341.42188,0.831733,2367.306396,1.484558
18/06/2021,38099.47656,0.842324,2374.586914,1.482789
19/06/2021,35854.52734,0.798306,2235.15918,1.417603
20/06/2021,35563.14063,0.760377,2171.337891,1.387408
21/06/2021,35641.14453,0.774795,2245.317871,1.427028
22/06/2021,31622.37695,0.607232,1886.667603,1.175233
23/06/2021,32515.71484,0.546944,1878.625,1.155804
24/06/2021,33682.80078,0.63859,1968.957397,1.25141
25/06/2021,34659.10547,0.672911,1989.21582,1.359522
26/06/2021,31594.66406,0.611586,1810.884277,1.254301
27/06/2021,32287.52344,0.616994,1830.996948,1.251827
28/06/2021,34679.12109,0.648285,1981.386475,1.337114
29/06/2021,34475.55859,0.643941,2083.44873,1.325513
30/06/2021,35908.38672,0.705681,2164.216309,1.372968
01/07/2021,35035.98438,0.704785,2274.397461,1.383814
02/07/2021,33549.60156,0.65989,2109.892578,1.332942
03/07/2021,33854.42188,0.655639,2150.834961,1.394152
04/07/2021,34665.56641,0.673218,2226.550293,1.404008
05/07/2021,35284.34375,0.695653,2321.922852,1.461221
06/07/2021,33723.50781,0.653055,2197.919434,1.404712
07/07/2021,34225.67969,0.665256,2323.208496,1.416153
08/07/2021,33889.60547,0.652691,2317.949219,1.404964
09/07/2021,32861.67188,0.621688,2115.573975,1.327267
10/07/2021,33811.24219,0.637221,2146.999756,1.350715
11/07/2021,33509.07813,0.62472,2110.875732,1.335172
12/07/2021,34254.01563,0.636342,2140.506836,1.348264
13/07/2021,33125.46875,0.629446,2034.098389,1.313973
14/07/2021,32723.8457,0.619469,1941.167847,1.264938
15/07/2021,32827.875,0.620005,1994.712036,1.263694
16/07/2021,31841.55078,0.597549,1916.598389,1.22505
17/07/2021,31397.30859,0.589494,1876.881348,1.171585
18/07/2021,31533.88477,0.582593,1900.194336,1.172851
19/07/2021,31800.01172,0.587225,1893.053589,1.181999
20/07/2021,30838.28516,0.557622,1819.082031,1.12276
21/07/2021,29796.28516,0.529054,1786.276245,1.054299
22/07/2021,32138.87305,0.571559,1994.822876,1.170252
23/07/2021,32305.95898,0.592546,2025.105713,1.18625
24/07/2021,33593.73047,0.608997,2123.961182,1.207072
25/07/2021,34290.29297,0.609195,2187.145508,1.233566
26/07/2021,35384.03125,0.606891,2191.309814,1.228722
27/07/2021,37276.03516,0.624174,2230.197021,1.255928
28/07/2021,39503.1875,0.645572,2302.081299,1.280826
29/07/2021,39995.45313,0.732636,2299.011963,1.286494
30/07/2021,40027.48438,0.749846,2382.545166,1.285791
31/07/2021,42196.30469,0.752162,2461.575684,1.309885
01/08/2021,41460.84375,0.745941,2530.462891,1.319958
02/08/2021,39907.26172,0.724145,2557.774658,1.31577
03/08/2021,39178.40234,0.738466,2609.413086,1.30939
04/08/2021,38213.33203,0.713633,2508.544922,1.369783
05/08/2021,39744.51563,0.73092,2725.669678,1.376939
06/08/2021,40865.86719,0.732982,2827.503418,1.386193
07/08/2021,42832.79688,0.747135,2891.70752,1.402523
08/08/2021,44574.4375,0.816734,3161.232666,1.473097
09/08/2021,43791.92578,0.779012,3012.885742,1.426617
10/08/2021,46280.84766,0.817337,3163.050049,1.475262
11/08/2021,45599.70313,0.85128,3142.830322,1.677949
12/08/2021,45576.87891,1.012563,3164.175781,1.795803
13/08/2021,44439.69141,0.967146,3049.001221,1.83276
14/08/2021,47810.6875,1.089834,3322.762695,2.138287
15/08/2021,47096.66797,1.281644,3266.276123,2.189896
16/08/2021,47019.96094,1.284929,3309.422119,2.167868
17/08/2021,45936.45703,1.186278,3149.380371,2.072315
18/08/2021,44686.75,1.097662,3011.963623,1.92448
19/08/2021,44741.88281,1.144658,3019.126953,2.105524
20/08/2021,46723.12109,1.233454,3182.162598,2.437795
21/08/2021,49327.07422,1.263918,3286.931641,2.457214
22/08/2021,48869.10547,1.217394,3226.227295,2.436862
23/08/2021,49291.67578,1.226812,3241.357422,2.708616
24/08/2021,49562.34766,1.248148,3324.855469,2.920038
25/08/2021,47727.25781,1.137011,3174.269775,2.725629
26/08/2021,49002.64063,1.174588,3228.747314,2.741166
27/08/2021,46894.55469,1.073298,3096.406006,2.531772
28/08/2021,49072.58594,1.192351,3275.104492,2.947338
29/08/2021,48911.25,1.145924,3246.770996,2.850029
30/08/2021,48834.85156,1.142336,3227.192627,2.850741
31/08/2021,47024.33984,1.101336,3227.758057,2.737641
01/09/2021,47099.77344,1.186915,3430.762451,2.769947